{
    "name": "§6[⏺] §rGravity Manipulation",
    "description": "By tapping into the force of gravity itself. When activated, all entities around you are lifted into the air immobilising you until the effect ends.",
    "badges": [
        {
            "type": "origins:keybind",
            "sprite": "origins:textures/gui/badge/active.png",
            "text": "Secondary Ability, press %s to activate."
        }
    ],
    "type": "origins:active_self",
    "entity_action": {
        "type": "origins:area_of_effect",
        "radius": 4,
        "shape": "sphere",
        "include_actor": false,
        "bientity_action": {
            "type": "origins:and",
            "actions": [
                {
                    "type": "origins:target_action",
                    "action": {
                        "type": "origins:apply_effect",
                        "effect": {
                            "id": "minecraft:levitation",
                            "amplifier": 1,
                            "duration": 150,
                            "show_icon": false,
                            "show_particles": false
                        }
                    }
                },
                {
                    "type": "origins:actor_action",
                    "action": {
                        "type": "origins:grant_power",
                        "power": "*:entities/stop_motion",
                        "source": "apoli:command"
                    }
                },
                {
                    "type": "origins:target_action",
                    "action": {
                        "type": "origins:grant_power",
                        "power": "*:entities/cloud",
                        "source": "apoli:command"
                    }
                },
                {
                    "type": "origins:actor_action",
                    "action": {
                        "type": "origins:play_sound",
                        "sound": "minecraft:entity.evoker.prepare_attack",
                        "volume": 0.20,
                        "pitch": 0.50
                    }
                },
                {
                    "type": "origins:target_action",
                    "action": {
                        "type": "origins:delay",
                        "ticks": 150,
                        "action": {
                            "type": "origins:revoke_power",
                            "power": "*:entities/cloud",
                            "source": "apoli:command"
                        }
                    }
                },
                {
                    "type": "origins:actor_action",
                    "action": {
                        "type": "origins:delay",
                        "ticks": 150,
                        "action": {
                            "type": "origins:revoke_power",
                            "power": "*:entities/stop_motion",
                            "source": "apoli:command"
                        }
                    }
                }
            ]
        }
    },
    "key": "key.origins.secondary_active",
    "cooldown": 175,
    "hud_render": {
        "should_render": true,
        "sprite_location": "origins:textures/gui/community/huang/resource_bar_01.png",
        "bar_index": 8
    }
}